{
  "Routes": [

    //Procuct API GAteway
    {
      "UpstreamPathTemplate": "/api/Product",
      "UpstreamHttpMethod": [ "GET", "POST" ],

      "DownstreamScheme": "https",
      "DownstreamHostAndPorts": [
        {
          "Host": "localhost",
          "Port": 7077
        }
      ],
      "DownstreamPathTemplate": "/api/Product"
    },
    {
      "UpstreamPathTemplate": "/api/Product/id?id={id}",
      "UpstreamHttpMethod": [ "GET", "PUT", "DELETE" ],

      "DownstreamScheme": "https",
      "DownstreamHostAndPorts": [
        {
          "Host": "localhost",
          "Port": 7077
        }
      ],
      "DownstreamPathTemplate": "/api/Product/id?id={id}"
    },
    //Shipping API Gateway
    {
      "UpstreamPathTemplate": "/api/ShippingDetails",
      "UpstreamHttpMethod": [ "POST" ],

      "DownstreamScheme": "https",
      "DownstreamHostAndPorts": [
        {
          "Host": "localhost",
          "Port": 7166
        }
      ],
      "DownstreamPathTemplate": "/api/ShippingDetails?trackerId={trackerId}"
    },
    {
      "UpstreamPathTemplate": "/api/ShippingDetails",
      "UpstreamHttpMethod": [ "GET" ],

      "DownstreamScheme": "https",
      "DownstreamHostAndPorts": [
        {
          "Host": "localhost",
          "Port": 7166
        }
      ],
      "DownstreamPathTemplate": "/api/ShippingDetails?trackerId={trackerId}"
    },
    //User API Gateway

    {
      "UpstreamPathTemplate": "/api/User",
      "UpstreamHttpMethod": [ "GET", "POST" ],

      "DownstreamScheme": "https",
      "DownstreamHostAndPorts": [
        {
          "Host": "localhost",
          "Port": 7080
        }
      ],
      "DownstreamPathTemplate": "/api/User"
    },
    {
      "UpstreamPathTemplate": "/api/User/userid?userid={userid}",
      "UpstreamHttpMethod": [ "GET", "PUT", "DELETE" ],

      "DownstreamScheme": "https",
      "DownstreamHostAndPorts": [
        {
          "Host": "localhost",
          "Port": 7080
        }
      ],
      "DownstreamPathTemplate": "/api/User/userid?userid={userid}"
    },
    {
      "UpstreamPathTemplate": "/api/Order",
      "UpstreamHttpMethod": [ "POST" ],

      "DownstreamScheme": "https",
      "DownstreamHostAndPorts": [
        {
          "Host": "localhost",
          "Port": 7183
        }
      ],
      "DownstreamPathTemplate": "/api/Order"
    },
    {
      "UpstreamPathTemplate": "/api/Order?orderId={orderId}",
      "UpstreamHttpMethod": [ "PUT", "DELETE" ],

      "DownstreamScheme": "https",
      "DownstreamHostAndPorts": [
        {
          "Host": "localhost",
          "Port": 7183
        }
      ],
      "DownstreamPathTemplate": "/api/Order?orderId={orderId}"
    },
    {
      "UpstreamPathTemplate": "/api/Aggregator/placeOrderAndShip?orderId={orderId}",
      "UpstreamHttpMethod": [ "POST" ],

      "DownstreamScheme": "https",
      "DownstreamHostAndPorts": [
        {
          "Host": "localhost",
          "Port": 7060
        }
      ],
      "DownstreamPathTemplate": "/api/Aggregator/placeOrderAndShip?orderId={orderId}"
    }
    


  ],
  "GlobalConfiguration": {

  }
}

